report_date,professional_id,report_problem_id,problem_name
2025-01-02 15:59:00,9280,32218,เข้าให้บริการสาย
2025-01-11 10:30:00,10555,32434,เข้าให้บริการสาย
2025-01-13 17:22:00,11144,32504,เข้าให้บริการสาย
2025-01-17 18:30:00,11760,32598,เข้าให้บริการสาย
2025-01-18 10:21:00,11760,32606,เข้าให้บริการสาย
2025-01-19 13:24:00,11972,32646,เข้าให้บริการสาย
2025-01-21 13:46:00,5757,32693,เข้าให้บริการสาย
2025-01-23 10:15:00,11055,32728,เข้าให้บริการสาย
2025-01-27 09:01:00,9520,32830,เข้าให้บริการสาย
2025-01-27 08:10:00,10919,32832,เข้าให้บริการสาย
2025-01-27 10:14:00,11761,32838,เข้าให้บริการสาย
2025-02-01 10:43:00,11760,32952,เข้าให้บริการสาย
2025-02-05 15:18:00,7052,33056,เข้าให้บริการสาย
2025-02-06 09:52:00,10268,33083,เข้าให้บริการสาย
2025-02-09 09:21:00,11811,33146,เข้าให้บริการสาย
2025-02-14 10:36:00,7052,33272,เข้าให้บริการสาย
2025-02-15 10:31:00,12150,33299,เข้าให้บริการสาย
2025-02-15 12:13:00,12045,33300,เข้าให้บริการสาย
2025-02-15 14:01:00,7230,33307,เข้าให้บริการสาย
2025-02-16 11:37:00,11055,33329,เข้าให้บริการสาย
2025-02-17 15:19:00,12121,33361,เข้าให้บริการสาย
2025-03-01 09:50:00,11760,33648,เข้าให้บริการสาย
2025-03-02 09:28:00,10295,33682,เข้าให้บริการสาย
2025-03-02 09:50:00,1589,33684,เข้าให้บริการสาย
2025-03-03 10:25:00,11761,33712,เข้าให้บริการสาย
2025-03-04 14:32:00,4608,33767,เข้าให้บริการสาย
2025-03-06 11:08:00,5196,33810,เข้าให้บริการสาย
2025-03-09 13:49:00,12218,33941,เข้าให้บริการสาย
2025-03-11 13:04:00,8171,33962,เข้าให้บริการสาย
2025-03-15 16:52:00,9191,34061,เข้าให้บริการสาย
2025-03-19 13:00:00,10268,34170,เข้าให้บริการสาย
2025-03-21 08:21:00,9191,34177,เข้าให้บริการสาย
2025-03-21 15:34:00,5757,34194,เข้าให้บริการสาย
2025-03-22 12:17:00,3011,34216,เข้าให้บริการสาย
2025-03-23 10:37:00,11760,34234,เข้าให้บริการสาย
2025-03-23 10:03:00,5324,34235,เข้าให้บริการสาย
2025-03-26 09:40:00,7082,34327,เข้าให้บริการสาย
2025-03-28 08:28:00,11760,34378,เข้าให้บริการสาย
2025-03-29 18:04:00,5971,34468,เข้าให้บริการสาย
2025-01-03 13:49:00,8745,32243,Checkout ก่อนเวลา / ให้บริการไม่ครบชั่วโมงการจอง
2025-01-02 13:33:00,6806,32250,Checkout ก่อนเวลา / ให้บริการไม่ครบชั่วโมงการจอง
2025-01-08 14:32:00,9842,32352,Checkout ก่อนเวลา / ให้บริการไม่ครบชั่วโมงการจอง
2025-01-09 13:26:00,11602,32390,Checkout ก่อนเวลา / ให้บริการไม่ครบชั่วโมงการจอง
2025-01-12 12:51:00,11755,32537,Checkout ก่อนเวลา / ให้บริการไม่ครบชั่วโมงการจอง
2025-01-16 20:06:00,9791,32577,Checkout ก่อนเวลา / ให้บริการไม่ครบชั่วโมงการจอง
2025-01-18 14:14:00,12011,32615,Checkout ก่อนเวลา / ให้บริการไม่ครบชั่วโมงการจอง
2025-01-18 18:20:00,11299,32624,Checkout ก่อนเวลา / ให้บริการไม่ครบชั่วโมงการจอง
2025-01-18 12:21:00,6657,32632,Checkout ก่อนเวลา / ให้บริการไม่ครบชั่วโมงการจอง
2025-01-19 08:57:00,11974,32633,Checkout ก่อนเวลา / ให้บริการไม่ครบชั่วโมงการจอง
2025-01-26 16:39:00,11601,32816,Checkout ก่อนเวลา / ให้บริการไม่ครบชั่วโมงการจอง
2025-01-30 16:08:00,9646,32921,Checkout ก่อนเวลา / ให้บริการไม่ครบชั่วโมงการจอง
2025-02-02 12:43:00,11848,32974,Checkout ก่อนเวลา / ให้บริการไม่ครบชั่วโมงการจอง
2025-02-02 14:35:00,11759,32978,Checkout ก่อนเวลา / ให้บริการไม่ครบชั่วโมงการจอง
2025-02-03 14:59:00,10975,33005,Checkout ก่อนเวลา / ให้บริการไม่ครบชั่วโมงการจอง
2025-02-04 12:54:00,11436,33022,Checkout ก่อนเวลา / ให้บริการไม่ครบชั่วโมงการจอง
2025-02-04 11:59:00,11932,33024,Checkout ก่อนเวลา / ให้บริการไม่ครบชั่วโมงการจอง
2025-02-09 17:31:00,11771,33158,Checkout ก่อนเวลา / ให้บริการไม่ครบชั่วโมงการจอง
2025-02-13 16:51:00,10901,33257,Checkout ก่อนเวลา / ให้บริการไม่ครบชั่วโมงการจอง
2025-02-14 10:55:00,11665,33273,Checkout ก่อนเวลา / ให้บริการไม่ครบชั่วโมงการจอง
2025-02-16 08:35:00,9686,33327,Checkout ก่อนเวลา / ให้บริการไม่ครบชั่วโมงการจอง
2025-02-19 16:39:00,11648,33400,Checkout ก่อนเวลา / ให้บริการไม่ครบชั่วโมงการจอง
2025-02-20 15:55:00,12231,33417,Checkout ก่อนเวลา / ให้บริการไม่ครบชั่วโมงการจอง
2025-02-28 09:28:00,12239,33607,Checkout ก่อนเวลา / ให้บริการไม่ครบชั่วโมงการจอง
2025-03-02 14:27:00,12063,33695,Checkout ก่อนเวลา / ให้บริการไม่ครบชั่วโมงการจอง
2025-03-03 14:08:00,8785,33721,Checkout ก่อนเวลา / ให้บริการไม่ครบชั่วโมงการจอง
2025-03-07 16:47:00,11306,33859,Checkout ก่อนเวลา / ให้บริการไม่ครบชั่วโมงการจอง
2025-03-07 17:00:00,11986,33860,Checkout ก่อนเวลา / ให้บริการไม่ครบชั่วโมงการจอง
2025-03-09 12:19:00,11965,33908,Checkout ก่อนเวลา / ให้บริการไม่ครบชั่วโมงการจอง
2025-03-13 11:14:00,12366,34009,Checkout ก่อนเวลา / ให้บริการไม่ครบชั่วโมงการจอง
2025-03-15 17:27:00,2318,34063,Checkout ก่อนเวลา / ให้บริการไม่ครบชั่วโมงการจอง
2025-03-16 19:33:00,11403,34086,Checkout ก่อนเวลา / ให้บริการไม่ครบชั่วโมงการจอง
2025-03-17 12:54:00,12198,34104,Checkout ก่อนเวลา / ให้บริการไม่ครบชั่วโมงการจอง
2025-03-17 14:53:00,10612,34109,Checkout ก่อนเวลา / ให้บริการไม่ครบชั่วโมงการจอง
2025-03-21 17:08:00,12368,34195,Checkout ก่อนเวลา / ให้บริการไม่ครบชั่วโมงการจอง
2025-03-26 07:34:00,12126,34318,Checkout ก่อนเวลา / ให้บริการไม่ครบชั่วโมงการจอง
2025-03-26 14:59:00,11015,34337,Checkout ก่อนเวลา / ให้บริการไม่ครบชั่วโมงการจอง
2025-03-28 18:03:00,9857,34426,Checkout ก่อนเวลา / ให้บริการไม่ครบชั่วโมงการจอง
2025-03-29 15:11:00,11562,34461,Checkout ก่อนเวลา / ให้บริการไม่ครบชั่วโมงการจอง
2025-03-29 17:03:00,11676,34465,Checkout ก่อนเวลา / ให้บริการไม่ครบชั่วโมงการจอง
2025-03-30 10:31:00,9175,34481,Checkout ก่อนเวลา / ให้บริการไม่ครบชั่วโมงการจอง
2025-01-08 08:51:00,8021,32340,ขอเลื่อนเวลานัดหมายการให้บริการ
2025-01-16 08:41:00,9764,32559,ขอเลื่อนเวลานัดหมายการให้บริการ
2025-01-21 08:31:00,11512,32684,ขอเลื่อนเวลานัดหมายการให้บริการ
2025-01-26 20:05:00,10917,32820,ขอเลื่อนเวลานัดหมายการให้บริการ
2025-02-05 07:19:00,10138,33032,ขอเลื่อนเวลานัดหมายการให้บริการ
2025-02-10 14:48:00,4199,33178,ขอเลื่อนเวลานัดหมายการให้บริการ
2025-02-14 13:46:00,10975,33276,ขอเลื่อนเวลานัดหมายการให้บริการ
2025-02-25 07:24:00,665,33537,ขอเลื่อนเวลานัดหมายการให้บริการ
2025-02-27 14:25:00,3621,33599,ขอเลื่อนเวลานัดหมายการให้บริการ
2025-02-28 11:17:00,11373,33615,ขอเลื่อนเวลานัดหมายการให้บริการ
2025-03-03 12:21:00,11965,33714,ขอเลื่อนเวลานัดหมายการให้บริการ
2025-03-05 11:34:00,4714,33775,ขอเลื่อนเวลานัดหมายการให้บริการ
2025-03-08 13:18:00,9859,33886,ขอเลื่อนเวลานัดหมายการให้บริการ
2025-03-11 07:58:00,7429,33950,ขอเลื่อนเวลานัดหมายการให้บริการ
2025-03-13 12:30:00,5413,34015,ขอเลื่อนเวลานัดหมายการให้บริการ
2025-03-14 08:55:00,8767,34031,ขอเลื่อนเวลานัดหมายการให้บริการ
2025-03-21 06:43:00,3658,34180,ขอเลื่อนเวลานัดหมายการให้บริการ
2025-03-23 08:55:00,10237,34236,ขอเลื่อนเวลานัดหมายการให้บริการ
2025-03-23 09:55:00,9824,34237,ขอเลื่อนเวลานัดหมายการให้บริการ
2025-03-31 12:50:00,6605,34521,ขอเลื่อนเวลานัดหมายการให้บริการ
2025-01-01 07:33:00,10253,32181,ทำความสะอาดไม่เรียบร้อย
2025-01-01 10:16:00,11090,32185,ทำความสะอาดไม่เรียบร้อย
2025-01-01 10:58:00,11531,32188,ทำความสะอาดไม่เรียบร้อย
2025-01-01 13:52:00,10790,32192,ทำความสะอาดไม่เรียบร้อย
2025-01-02 15:19:00,10705,32217,ทำความสะอาดไม่เรียบร้อย
2025-01-04 09:37:00,11330,32256,ทำความสะอาดไม่เรียบร้อย
2025-01-04 12:45:00,12009,32265,ทำความสะอาดไม่เรียบร้อย
2025-01-04 15:44:00,9491,32272,ทำความสะอาดไม่เรียบร้อย
2025-01-05 08:55:00,10342,32276,ทำความสะอาดไม่เรียบร้อย
2025-01-05 14:02:00,10439,32288,ทำความสะอาดไม่เรียบร้อย
2025-01-05 14:54:00,11994,32289,ทำความสะอาดไม่เรียบร้อย
2025-01-06 13:00:00,11969,32305,ทำความสะอาดไม่เรียบร้อย
2025-01-07 15:04:00,11955,32328,ทำความสะอาดไม่เรียบร้อย
2025-01-06 18:20:00,11638,32332,ทำความสะอาดไม่เรียบร้อย
2025-01-08 10:02:00,11772,32341,ทำความสะอาดไม่เรียบร้อย
2025-01-08 12:01:00,10340,32346,ทำความสะอาดไม่เรียบร้อย
2025-01-08 13:11:00,9249,32350,ทำความสะอาดไม่เรียบร้อย
2025-01-08 14:32:00,11621,32351,ทำความสะอาดไม่เรียบร้อย
2025-01-08 14:29:00,11436,32353,ทำความสะอาดไม่เรียบร้อย
2025-01-08 15:17:00,12003,32356,ทำความสะอาดไม่เรียบร้อย
2025-01-08 16:02:00,1161,32366,ทำความสะอาดไม่เรียบร้อย
2025-01-09 07:36:00,9821,32368,ทำความสะอาดไม่เรียบร้อย
2025-01-09 09:20:00,11400,32376,ทำความสะอาดไม่เรียบร้อย
2025-01-09 10:37:00,11963,32377,ทำความสะอาดไม่เรียบร้อย
2025-01-09 13:24:00,9821,32389,ทำความสะอาดไม่เรียบร้อย
2025-01-09 15:30:00,10093,32393,ทำความสะอาดไม่เรียบร้อย
2025-01-09 16:41:00,10636,32395,ทำความสะอาดไม่เรียบร้อย
2025-01-10 07:23:00,342,32399,ทำความสะอาดไม่เรียบร้อย
2025-01-10 13:20:00,11656,32412,ทำความสะอาดไม่เรียบร้อย
2025-01-10 15:55:00,4843,32414,ทำความสะอาดไม่เรียบร้อย
2025-01-10 16:30:00,1112,32415,ทำความสะอาดไม่เรียบร้อย
2025-01-11 07:52:00,11071,32425,ทำความสะอาดไม่เรียบร้อย
2025-01-11 08:27:00,10422,32431,ทำความสะอาดไม่เรียบร้อย
2025-01-11 12:43:00,9891,32437,ทำความสะอาดไม่เรียบร้อย
2025-01-12 10:30:00,11638,32460,ทำความสะอาดไม่เรียบร้อย
2025-01-12 11:31:00,11569,32461,ทำความสะอาดไม่เรียบร้อย
2025-01-12 12:33:00,9249,32464,ทำความสะอาดไม่เรียบร้อย
2025-01-12 13:52:00,11866,32465,ทำความสะอาดไม่เรียบร้อย
2025-01-12 14:09:00,11471,32466,ทำความสะอาดไม่เรียบร้อย
2025-01-12 14:08:00,11742,32468,ทำความสะอาดไม่เรียบร้อย
2025-01-12 17:47:00,10735,32473,ทำความสะอาดไม่เรียบร้อย
2025-01-13 08:18:00,7463,32479,ทำความสะอาดไม่เรียบร้อย
2025-01-13 21:08:00,10226,32481,ทำความสะอาดไม่เรียบร้อย
2025-01-13 08:35:00,11531,32483,ทำความสะอาดไม่เรียบร้อย
2025-01-13 12:38:00,11760,32494,ทำความสะอาดไม่เรียบร้อย
2025-01-13 12:39:00,5355,32502,ทำความสะอาดไม่เรียบร้อย
2025-01-07 17:14:00,11695,32510,ทำความสะอาดไม่เรียบร้อย
2025-01-14 22:11:00,10955,32529,ทำความสะอาดไม่เรียบร้อย
2025-01-15 20:41:00,7134,32531,ทำความสะอาดไม่เรียบร้อย
2025-01-15 08:53:00,7307,32533,ทำความสะอาดไม่เรียบร้อย
2025-01-15 11:57:00,10311,32535,ทำความสะอาดไม่เรียบร้อย
2025-01-15 16:50:00,10129,32542,ทำความสะอาดไม่เรียบร้อย
2025-01-15 18:01:00,11500,32547,ทำความสะอาดไม่เรียบร้อย
2025-01-15 18:12:00,10585,32549,ทำความสะอาดไม่เรียบร้อย
2025-01-16 16:53:00,9295,32573,ทำความสะอาดไม่เรียบร้อย
2025-01-16 17:30:00,11141,32575,ทำความสะอาดไม่เรียบร้อย
2025-01-17 13:42:00,10409,32592,ทำความสะอาดไม่เรียบร้อย
2025-01-17 18:51:00,12070,32600,ทำความสะอาดไม่เรียบร้อย
2025-01-18 13:51:00,2062,32613,ทำความสะอาดไม่เรียบร้อย
2025-01-18 16:06:00,9799,32620,ทำความสะอาดไม่เรียบร้อย
2025-01-18 17:21:00,9603,32623,ทำความสะอาดไม่เรียบร้อย
2025-01-19 20:31:00,10706,32626,ทำความสะอาดไม่เรียบร้อย
2025-01-18 18:02:00,11400,32641,ทำความสะอาดไม่เรียบร้อย
2025-01-19 12:14:00,11400,32643,ทำความสะอาดไม่เรียบร้อย
2025-01-19 16:07:00,11471,32653,ทำความสะอาดไม่เรียบร้อย
2025-01-19 20:00:00,5336,32658,ทำความสะอาดไม่เรียบร้อย
2025-01-20 19:52:00,11754,32661,ทำความสะอาดไม่เรียบร้อย
2025-01-20 14:10:00,11098,32669,ทำความสะอาดไม่เรียบร้อย
2025-01-20 14:39:00,2681,32670,ทำความสะอาดไม่เรียบร้อย
2025-01-21 17:27:00,6167,32698,ทำความสะอาดไม่เรียบร้อย
2025-01-22 21:49:00,11826,32700,ทำความสะอาดไม่เรียบร้อย
2025-01-22 11:03:00,5355,32705,ทำความสะอาดไม่เรียบร้อย
2025-01-22 18:34:00,11076,32716,ทำความสะอาดไม่เรียบร้อย
2025-01-22 20:04:00,6883,32717,ทำความสะอาดไม่เรียบร้อย
2025-01-22 19:40:00,12073,32718,ทำความสะอาดไม่เรียบร้อย
2025-01-23 04:53:00,243,32720,ทำความสะอาดไม่เรียบร้อย
2025-01-23 06:55:00,7044,32722,ทำความสะอาดไม่เรียบร้อย
2025-01-23 13:20:00,12020,32733,ทำความสะอาดไม่เรียบร้อย
2025-01-23 13:20:00,10268,32734,ทำความสะอาดไม่เรียบร้อย
2025-01-23 19:07:00,9291,32737,ทำความสะอาดไม่เรียบร้อย
2025-01-23 21:37:00,10705,32739,ทำความสะอาดไม่เรียบร้อย
2025-01-24 19:40:00,11592,32750,ทำความสะอาดไม่เรียบร้อย
2025-01-23 09:59:00,11639,32752,ทำความสะอาดไม่เรียบร้อย
2025-01-24 13:20:00,9503,32759,ทำความสะอาดไม่เรียบร้อย
2025-01-24 16:33:00,9830,32769,ทำความสะอาดไม่เรียบร้อย
2025-01-25 14:39:00,12155,32781,ทำความสะอาดไม่เรียบร้อย
2025-01-25 17:42:00,11457,32788,ทำความสะอาดไม่เรียบร้อย
2025-01-25 20:26:00,11671,32790,ทำความสะอาดไม่เรียบร้อย
2025-01-25 17:48:00,11893,32791,ทำความสะอาดไม่เรียบร้อย
2025-01-26 12:32:00,12072,32804,ทำความสะอาดไม่เรียบร้อย
2025-01-26 14:02:00,9685,32807,ทำความสะอาดไม่เรียบร้อย
2025-01-26 13:55:00,7629,32808,ทำความสะอาดไม่เรียบร้อย
2025-01-26 14:04:00,11686,32809,ทำความสะอาดไม่เรียบร้อย
2025-01-26 21:00:00,11893,32821,ทำความสะอาดไม่เรียบร้อย
2025-01-26 22:40:00,10901,32822,ทำความสะอาดไม่เรียบร้อย
2025-01-27 09:20:00,11256,32831,ทำความสะอาดไม่เรียบร้อย
2025-01-27 09:34:00,2165,32833,ทำความสะอาดไม่เรียบร้อย
2025-01-27 09:36:00,9841,32835,ทำความสะอาดไม่เรียบร้อย
2025-01-27 16:15:00,11379,32848,ทำความสะอาดไม่เรียบร้อย
2025-01-27 17:17:00,7737,32849,ทำความสะอาดไม่เรียบร้อย
2025-01-27 18:24:00,12136,32850,ทำความสะอาดไม่เรียบร้อย
2025-01-27 19:31:00,10900,32851,ทำความสะอาดไม่เรียบร้อย
2025-01-27 21:32:00,8066,32854,ทำความสะอาดไม่เรียบร้อย
2025-01-28 16:58:00,616,32875,ทำความสะอาดไม่เรียบร้อย
2025-01-28 17:13:00,11298,32877,ทำความสะอาดไม่เรียบร้อย
2025-01-28 17:20:00,11406,32878,ทำความสะอาดไม่เรียบร้อย
2025-01-29 18:17:00,1097,32884,ทำความสะอาดไม่เรียบร้อย
2025-01-29 14:54:00,8667,32898,ทำความสะอาดไม่เรียบร้อย
2025-01-29 15:44:00,6724,32899,ทำความสะอาดไม่เรียบร้อย
2025-01-30 01:44:00,12083,32907,ทำความสะอาดไม่เรียบร้อย
2025-01-30 07:51:00,12029,32911,ทำความสะอาดไม่เรียบร้อย
2025-01-30 16:32:00,5857,32922,ทำความสะอาดไม่เรียบร้อย
2025-01-31 12:33:00,11793,32934,ทำความสะอาดไม่เรียบร้อย
2025-01-31 12:37:00,11759,32939,ทำความสะอาดไม่เรียบร้อย
2025-02-01 08:22:00,8969,32949,ทำความสะอาดไม่เรียบร้อย
2025-02-01 13:57:00,12212,32955,ทำความสะอาดไม่เรียบร้อย
2025-02-01 18:06:00,10875,32959,ทำความสะอาดไม่เรียบร้อย
2025-02-01 18:07:00,12125,32960,ทำความสะอาดไม่เรียบร้อย
2025-02-02 09:07:00,11574,32964,ทำความสะอาดไม่เรียบร้อย
2025-02-02 12:20:00,12005,32973,ทำความสะอาดไม่เรียบร้อย
2025-02-02 13:05:00,10094,32976,ทำความสะอาดไม่เรียบร้อย
2025-02-02 15:24:00,11915,32983,ทำความสะอาดไม่เรียบร้อย
2025-02-02 17:23:00,11105,32985,ทำความสะอาดไม่เรียบร้อย
2025-02-02 18:05:00,12185,32986,ทำความสะอาดไม่เรียบร้อย
2025-02-03 10:11:00,1161,32995,ทำความสะอาดไม่เรียบร้อย
2025-02-03 13:52:00,11218,33003,ทำความสะอาดไม่เรียบร้อย
2025-02-03 19:16:00,10237,33011,ทำความสะอาดไม่เรียบร้อย
2025-02-04 07:48:00,10725,33013,ทำความสะอาดไม่เรียบร้อย
2025-02-04 09:26:00,12063,33015,ทำความสะอาดไม่เรียบร้อย
2025-02-04 10:04:00,11289,33017,ทำความสะอาดไม่เรียบร้อย
2025-02-04 11:12:00,3903,33021,ทำความสะอาดไม่เรียบร้อย
2025-02-04 14:45:00,12179,33025,ทำความสะอาดไม่เรียบร้อย
2025-02-05 09:48:00,1360,33039,ทำความสะอาดไม่เรียบร้อย
2025-02-05 14:59:00,11974,33053,ทำความสะอาดไม่เรียบร้อย
2025-02-05 20:04:00,9295,33060,ทำความสะอาดไม่เรียบร้อย
2025-02-05 19:39:00,11986,33061,ทำความสะอาดไม่เรียบร้อย
2025-02-06 19:07:00,12091,33062,ทำความสะอาดไม่เรียบร้อย
2025-02-06 08:19:00,12221,33063,ทำความสะอาดไม่เรียบร้อย
2025-02-06 09:04:00,11965,33066,ทำความสะอาดไม่เรียบร้อย
2025-02-06 09:49:00,10640,33069,ทำความสะอาดไม่เรียบร้อย
2025-02-06 14:06:00,12127,33078,ทำความสะอาดไม่เรียบร้อย
2025-02-06 18:11:00,4899,33085,ทำความสะอาดไม่เรียบร้อย
2025-02-07 00:29:00,9834,33100,ทำความสะอาดไม่เรียบร้อย
2025-02-07 14:45:00,12015,33104,ทำความสะอาดไม่เรียบร้อย
2025-02-08 09:00:00,12039,33112,ทำความสะอาดไม่เรียบร้อย
2025-02-08 10:17:00,11827,33113,ทำความสะอาดไม่เรียบร้อย
2025-02-08 13:37:00,12077,33124,ทำความสะอาดไม่เรียบร้อย
2025-02-08 13:56:00,4601,33128,ทำความสะอาดไม่เรียบร้อย
2025-02-08 15:18:00,4663,33130,ทำความสะอาดไม่เรียบร้อย
2025-02-08 15:50:00,11298,33131,ทำความสะอาดไม่เรียบร้อย
2025-02-08 16:39:00,10728,33132,ทำความสะอาดไม่เรียบร้อย
2025-02-08 16:55:00,12060,33133,ทำความสะอาดไม่เรียบร้อย
2025-02-08 23:49:00,11886,33138,ทำความสะอาดไม่เรียบร้อย
2025-02-09 23:50:00,10261,33155,ทำความสะอาดไม่เรียบร้อย
2025-02-09 18:39:00,11990,33160,ทำความสะอาดไม่เรียบร้อย
2025-02-10 07:48:00,10739,33166,ทำความสะอาดไม่เรียบร้อย
2025-02-09 19:24:00,11601,33167,ทำความสะอาดไม่เรียบร้อย
2025-02-10 11:54:00,12212,33175,ทำความสะอาดไม่เรียบร้อย
2025-02-11 16:44:00,2173,33209,ทำความสะอาดไม่เรียบร้อย
2025-02-12 07:55:00,10577,33217,ทำความสะอาดไม่เรียบร้อย
2025-02-12 13:47:00,9821,33227,ทำความสะอาดไม่เรียบร้อย
2025-02-12 14:55:00,12147,33229,ทำความสะอาดไม่เรียบร้อย
2025-02-12 17:15:00,8284,33236,ทำความสะอาดไม่เรียบร้อย
2025-02-13 17:55:00,5648,33260,ทำความสะอาดไม่เรียบร้อย
2025-02-13 19:12:00,7168,33267,ทำความสะอาดไม่เรียบร้อย
2025-02-14 15:07:00,12079,33278,ทำความสะอาดไม่เรียบร้อย
2025-02-15 22:13:00,11436,33287,ทำความสะอาดไม่เรียบร้อย
2025-02-15 07:25:00,11024,33288,ทำความสะอาดไม่เรียบร้อย
2025-02-15 07:46:00,10429,33289,ทำความสะอาดไม่เรียบร้อย
2025-02-14 22:29:00,11815,33292,ทำความสะอาดไม่เรียบร้อย
2025-02-15 09:04:00,5424,33294,ทำความสะอาดไม่เรียบร้อย
2025-02-15 09:07:00,6790,33295,ทำความสะอาดไม่เรียบร้อย
2025-02-14 20:01:00,7670,33296,ทำความสะอาดไม่เรียบร้อย
2025-02-15 14:52:00,11943,33305,ทำความสะอาดไม่เรียบร้อย
2025-02-15 15:00:00,12006,33308,ทำความสะอาดไม่เรียบร้อย
2025-02-15 14:57:00,12006,33309,ทำความสะอาดไม่เรียบร้อย
2025-02-15 18:22:00,12181,33313,ทำความสะอาดไม่เรียบร้อย
2025-02-15 19:18:00,12045,33314,ทำความสะอาดไม่เรียบร้อย
2025-02-15 18:47:00,10504,33315,ทำความสะอาดไม่เรียบร้อย
2025-02-16 11:16:00,6987,33333,ทำความสะอาดไม่เรียบร้อย
2025-02-16 19:56:00,9273,33340,ทำความสะอาดไม่เรียบร้อย
2025-02-17 07:59:00,11811,33342,ทำความสะอาดไม่เรียบร้อย
2025-02-16 22:59:00,11816,33343,ทำความสะอาดไม่เรียบร้อย
2025-02-17 10:41:00,12218,33346,ทำความสะอาดไม่เรียบร้อย
2025-02-17 12:36:00,12111,33351,ทำความสะอาดไม่เรียบร้อย
2025-02-17 13:50:00,2173,33355,ทำความสะอาดไม่เรียบร้อย
2025-02-17 15:55:00,11380,33363,ทำความสะอาดไม่เรียบร้อย
2025-02-18 03:32:00,11613,33367,ทำความสะอาดไม่เรียบร้อย
2025-02-18 12:30:00,11528,33371,ทำความสะอาดไม่เรียบร้อย
2025-02-18 12:44:00,12351,33374,ทำความสะอาดไม่เรียบร้อย
2025-02-18 14:19:00,12205,33376,ทำความสะอาดไม่เรียบร้อย
2025-02-18 20:06:00,11003,33385,ทำความสะอาดไม่เรียบร้อย
2025-02-19 11:59:00,9644,33391,ทำความสะอาดไม่เรียบร้อย
2025-02-19 11:29:00,8704,33392,ทำความสะอาดไม่เรียบร้อย
2025-02-19 16:49:00,10736,33401,ทำความสะอาดไม่เรียบร้อย
2025-02-19 19:05:00,12237,33404,ทำความสะอาดไม่เรียบร้อย
2025-02-20 09:22:00,10821,33406,ทำความสะอาดไม่เรียบร้อย
2025-02-20 09:22:00,10821,33407,ทำความสะอาดไม่เรียบร้อย
2025-02-20 12:58:00,6657,33409,ทำความสะอาดไม่เรียบร้อย
2025-02-20 15:30:00,10303,33415,ทำความสะอาดไม่เรียบร้อย
2025-02-20 16:28:00,10585,33418,ทำความสะอาดไม่เรียบร้อย
2025-02-21 16:04:00,9196,33441,ทำความสะอาดไม่เรียบร้อย
2025-02-22 12:54:00,12260,33460,ทำความสะอาดไม่เรียบร้อย
2025-02-22 09:44:00,11442,33467,ทำความสะอาดไม่เรียบร้อย
2025-02-22 17:00:00,10965,33477,ทำความสะอาดไม่เรียบร้อย
2025-02-22 19:35:00,10722,33481,ทำความสะอาดไม่เรียบร้อย
2025-02-23 09:59:00,11966,33488,ทำความสะอาดไม่เรียบร้อย
2025-02-23 11:10:00,11761,33489,ทำความสะอาดไม่เรียบร้อย
2025-02-23 11:40:00,5971,33490,ทำความสะอาดไม่เรียบร้อย
2025-02-23 12:41:00,10722,33492,ทำความสะอาดไม่เรียบร้อย
2025-02-23 14:31:00,12281,33494,ทำความสะอาดไม่เรียบร้อย
2025-02-23 14:30:00,7429,33495,ทำความสะอาดไม่เรียบร้อย
2025-02-23 14:23:00,11584,33496,ทำความสะอาดไม่เรียบร้อย
2025-02-23 14:31:00,11621,33500,ทำความสะอาดไม่เรียบร้อย
2025-02-24 07:17:00,11880,33510,ทำความสะอาดไม่เรียบร้อย
2025-02-24 07:45:00,9891,33511,ทำความสะอาดไม่เรียบร้อย
2025-02-24 13:31:00,11820,33512,ทำความสะอาดไม่เรียบร้อย
2025-02-24 09:49:00,12157,33518,ทำความสะอาดไม่เรียบร้อย
2025-02-24 16:36:00,12166,33529,ทำความสะอาดไม่เรียบร้อย
2025-02-24 16:52:00,11472,33533,ทำความสะอาดไม่เรียบร้อย
2025-02-25 09:16:00,7746,33542,ทำความสะอาดไม่เรียบร้อย
2025-02-23 21:26:00,1085,33559,ทำความสะอาดไม่เรียบร้อย
2025-02-25 19:57:00,12046,33563,ทำความสะอาดไม่เรียบร้อย
2025-02-26 21:08:00,11671,33566,ทำความสะอาดไม่เรียบร้อย
2025-02-26 13:51:00,11915,33578,ทำความสะอาดไม่เรียบร้อย
2025-02-26 17:58:00,12224,33585,ทำความสะอาดไม่เรียบร้อย
2025-02-27 10:12:00,10138,33591,ทำความสะอาดไม่เรียบร้อย
2025-02-26 22:57:00,12261,33593,ทำความสะอาดไม่เรียบร้อย
2025-02-27 13:00:00,11446,33595,ทำความสะอาดไม่เรียบร้อย
2025-02-27 13:40:00,8704,33597,ทำความสะอาดไม่เรียบร้อย
2025-02-27 13:30:00,11708,33598,ทำความสะอาดไม่เรียบร้อย
2025-02-27 14:54:00,11758,33600,ทำความสะอาดไม่เรียบร้อย
2025-02-27 16:36:00,11973,33601,ทำความสะอาดไม่เรียบร้อย
2025-02-27 17:20:00,7742,33602,ทำความสะอาดไม่เรียบร้อย
2025-02-28 11:17:00,11962,33614,ทำความสะอาดไม่เรียบร้อย
2025-02-28 12:44:00,11583,33625,ทำความสะอาดไม่เรียบร้อย
2025-02-28 15:22:00,12216,33630,ทำความสะอาดไม่เรียบร้อย
2025-02-28 15:22:00,11289,33631,ทำความสะอาดไม่เรียบร้อย
2025-03-01 13:03:00,12384,33651,ทำความสะอาดไม่เรียบร้อย
2025-03-01 14:05:00,10268,33656,ทำความสะอาดไม่เรียบร้อย
2025-03-01 16:52:00,12095,33663,ทำความสะอาดไม่เรียบร้อย
2025-03-01 17:56:00,12296,33669,ทำความสะอาดไม่เรียบร้อย
2025-03-01 19:28:00,12081,33671,ทำความสะอาดไม่เรียบร้อย
2025-03-02 21:08:00,9847,33675,ทำความสะอาดไม่เรียบร้อย
2025-03-02 13:49:00,12259,33692,ทำความสะอาดไม่เรียบร้อย
2025-03-02 14:17:00,12087,33694,ทำความสะอาดไม่เรียบร้อย
2025-03-02 16:23:00,11660,33699,ทำความสะอาดไม่เรียบร้อย
2025-03-02 17:02:00,12263,33701,ทำความสะอาดไม่เรียบร้อย
2025-03-02 19:28:00,12255,33704,ทำความสะอาดไม่เรียบร้อย
2025-03-03 12:52:00,12070,33715,ทำความสะอาดไม่เรียบร้อย
2025-03-03 12:56:00,9972,33716,ทำความสะอาดไม่เรียบร้อย
2025-03-03 13:10:00,12212,33717,ทำความสะอาดไม่เรียบร้อย
2025-03-03 13:43:00,10431,33719,ทำความสะอาดไม่เรียบร้อย
2025-03-03 13:43:00,10744,33720,ทำความสะอาดไม่เรียบร้อย
2025-03-03 15:16:00,8781,33724,ทำความสะอาดไม่เรียบร้อย
2025-03-03 16:31:00,12377,33728,ทำความสะอาดไม่เรียบร้อย
2025-03-03 16:29:00,1003,33729,ทำความสะอาดไม่เรียบร้อย
2025-03-03 19:45:00,11886,33736,ทำความสะอาดไม่เรียบร้อย
2025-03-03 19:19:00,12108,33737,ทำความสะอาดไม่เรียบร้อย
2025-03-04 08:26:00,11924,33738,ทำความสะอาดไม่เรียบร้อย
2025-03-04 09:12:00,9849,33742,ทำความสะอาดไม่เรียบร้อย
2025-03-04 13:56:00,10777,33747,ทำความสะอาดไม่เรียบร้อย
2025-03-04 16:15:00,12221,33755,ทำความสะอาดไม่เรียบร้อย
2025-03-04 16:27:00,11012,33756,ทำความสะอาดไม่เรียบร้อย
2025-03-04 17:11:00,8340,33757,ทำความสะอาดไม่เรียบร้อย
2025-03-04 17:30:00,10819,33758,ทำความสะอาดไม่เรียบร้อย
2025-03-04 17:54:00,12289,33760,ทำความสะอาดไม่เรียบร้อย
2025-03-05 11:09:00,11044,33773,ทำความสะอาดไม่เรียบร้อย
2025-03-05 13:42:00,5273,33787,ทำความสะอาดไม่เรียบร้อย
2025-03-05 16:37:00,11932,33791,ทำความสะอาดไม่เรียบร้อย
2025-03-06 19:36:00,11112,33798,ทำความสะอาดไม่เรียบร้อย
2025-03-06 09:37:00,2110,33804,ทำความสะอาดไม่เรียบร้อย
2025-03-06 10:15:00,12344,33807,ทำความสะอาดไม่เรียบร้อย
2025-03-06 23:26:00,12121,33815,ทำความสะอาดไม่เรียบร้อย
2025-03-06 00:19:00,11299,33817,ทำความสะอาดไม่เรียบร้อย
2025-03-06 17:06:00,11646,33824,ทำความสะอาดไม่เรียบร้อย
2025-03-06 17:20:00,11601,33825,ทำความสะอาดไม่เรียบร้อย
2025-03-07 08:02:00,12147,33832,ทำความสะอาดไม่เรียบร้อย
2025-03-07 08:14:00,10311,33834,ทำความสะอาดไม่เรียบร้อย
2025-03-07 09:49:00,11973,33842,ทำความสะอาดไม่เรียบร้อย
2025-03-07 13:29:00,8151,33850,ทำความสะอาดไม่เรียบร้อย
2025-03-07 15:56:00,10253,33857,ทำความสะอาดไม่เรียบร้อย
2025-03-07 17:08:00,12252,33861,ทำความสะอาดไม่เรียบร้อย
2025-03-07 16:32:00,10585,33862,ทำความสะอาดไม่เรียบร้อย
2025-03-08 13:04:00,11432,33887,ทำความสะอาดไม่เรียบร้อย
2025-03-08 15:48:00,7823,33888,ทำความสะอาดไม่เรียบร้อย
2025-03-08 18:22:00,8078,33893,ทำความสะอาดไม่เรียบร้อย
2025-03-09 12:20:00,12063,33909,ทำความสะอาดไม่เรียบร้อย
2025-03-09 13:15:00,1294,33911,ทำความสะอาดไม่เรียบร้อย
2025-03-10 10:36:00,10612,33930,ทำความสะอาดไม่เรียบร้อย
2025-03-10 10:44:00,8172,33932,ทำความสะอาดไม่เรียบร้อย
2025-03-10 14:17:00,11771,33942,ทำความสะอาดไม่เรียบร้อย
2025-03-10 23:40:00,9353,33958,ทำความสะอาดไม่เรียบร้อย
2025-03-11 20:28:00,11113,33973,ทำความสะอาดไม่เรียบร้อย
2025-03-12 11:10:00,10787,33981,ทำความสะอาดไม่เรียบร้อย
2025-03-12 11:31:00,12059,33983,ทำความสะอาดไม่เรียบร้อย
2025-03-12 16:24:00,11814,33998,ทำความสะอาดไม่เรียบร้อย
2025-03-13 15:41:00,5226,34019,ทำความสะอาดไม่เรียบร้อย
2025-03-13 18:38:00,11400,34022,ทำความสะอาดไม่เรียบร้อย
2025-03-14 22:37:00,10268,34026,ทำความสะอาดไม่เรียบร้อย
2025-03-13 12:53:00,1112,34027,ทำความสะอาดไม่เรียบร้อย
2025-03-14 13:07:00,12286,34037,ทำความสะอาดไม่เรียบร้อย
2025-03-14 12:39:00,12212,34038,ทำความสะอาดไม่เรียบร้อย
2025-03-15 08:00:00,11811,34044,ทำความสะอาดไม่เรียบร้อย
2025-03-15 08:22:00,12244,34045,ทำความสะอาดไม่เรียบร้อย
2025-03-14 23:36:00,11665,34046,ทำความสะอาดไม่เรียบร้อย
2025-03-15 12:31:00,12221,34053,ทำความสะอาดไม่เรียบร้อย
2025-03-15 13:02:00,12420,34055,ทำความสะอาดไม่เรียบร้อย
2025-03-15 13:18:00,5275,34056,ทำความสะอาดไม่เรียบร้อย
2025-03-15 14:29:00,10734,34058,ทำความสะอาดไม่เรียบร้อย
2025-03-15 18:01:00,12130,34064,ทำความสะอาดไม่เรียบร้อย
2025-03-16 15:17:00,12049,34080,ทำความสะอาดไม่เรียบร้อย
2025-03-16 16:28:00,9821,34084,ทำความสะอาดไม่เรียบร้อย
2025-03-16 20:56:00,11446,34089,ทำความสะอาดไม่เรียบร้อย
2025-03-17 08:44:00,11080,34095,ทำความสะอาดไม่เรียบร้อย
2025-03-17 11:52:00,12006,34099,ทำความสะอาดไม่เรียบร้อย
2025-03-17 12:30:00,11886,34101,ทำความสะอาดไม่เรียบร้อย
2025-03-17 12:31:00,10348,34102,ทำความสะอาดไม่เรียบร้อย
2025-03-17 13:38:00,11986,34106,ทำความสะอาดไม่เรียบร้อย
2025-03-17 16:57:00,12098,34112,ทำความสะอาดไม่เรียบร้อย
2025-03-17 10:19:00,10138,34115,ทำความสะอาดไม่เรียบร้อย
2025-03-17 19:02:00,12331,34119,ทำความสะอาดไม่เรียบร้อย
2025-03-18 10:38:00,79,34121,ทำความสะอาดไม่เรียบร้อย
2025-03-18 12:44:00,11880,34126,ทำความสะอาดไม่เรียบร้อย
2025-03-18 18:51:00,12079,34132,ทำความสะอาดไม่เรียบร้อย
2025-03-18 19:19:00,12419,34134,ทำความสะอาดไม่เรียบร้อย
2025-03-19 12:25:00,11275,34143,ทำความสะอาดไม่เรียบร้อย
2025-03-19 13:43:00,11003,34144,ทำความสะอาดไม่เรียบร้อย
2025-03-19 12:25:00,11275,34147,ทำความสะอาดไม่เรียบร้อย
2025-03-19 15:54:00,11932,34148,ทำความสะอาดไม่เรียบร้อย
2025-03-19 16:54:00,11963,34150,ทำความสะอาดไม่เรียบร้อย
2025-03-19 19:06:00,12425,34153,ทำความสะอาดไม่เรียบร้อย
2025-03-19 19:50:00,12280,34154,ทำความสะอาดไม่เรียบร้อย
2025-03-20 13:43:00,11849,34162,ทำความสะอาดไม่เรียบร้อย
2025-03-21 09:19:00,11955,34181,ทำความสะอาดไม่เรียบร้อย
2025-03-22 07:49:00,12306,34199,ทำความสะอาดไม่เรียบร้อย
2025-03-21 21:27:00,11974,34200,ทำความสะอาดไม่เรียบร้อย
2025-03-22 10:43:00,6669,34205,ทำความสะอาดไม่เรียบร้อย
2025-03-22 10:46:00,6669,34206,ทำความสะอาดไม่เรียบร้อย
2025-03-22 10:48:00,12092,34207,ทำความสะอาดไม่เรียบร้อย
2025-03-22 10:48:00,12092,34208,ทำความสะอาดไม่เรียบร้อย
2025-03-22 12:33:00,12212,34212,ทำความสะอาดไม่เรียบร้อย
2025-03-22 12:45:00,12244,34215,ทำความสะอาดไม่เรียบร้อย
2025-03-23 12:21:00,3163,34243,ทำความสะอาดไม่เรียบร้อย
2025-03-23 14:08:00,12135,34244,ทำความสะอาดไม่เรียบร้อย
2025-03-23 14:31:00,12252,34247,ทำความสะอาดไม่เรียบร้อย
2025-03-23 14:45:00,6084,34248,ทำความสะอาดไม่เรียบร้อย
2025-03-23 16:41:00,11401,34251,ทำความสะอาดไม่เรียบร้อย
2025-03-23 16:42:00,9332,34252,ทำความสะอาดไม่เรียบร้อย
2025-03-24 18:57:00,12087,34259,ทำความสะอาดไม่เรียบร้อย
2025-03-24 12:18:00,5355,34273,ทำความสะอาดไม่เรียบร้อย
2025-03-24 13:52:00,12368,34274,ทำความสะอาดไม่เรียบร้อย
2025-03-24 16:20:00,9883,34283,ทำความสะอาดไม่เรียบร้อย
2025-03-25 11:18:00,12207,34292,ทำความสะอาดไม่เรียบร้อย
2025-03-25 13:58:00,11513,34299,ทำความสะอาดไม่เรียบร้อย
2025-03-25 14:15:00,7844,34301,ทำความสะอาดไม่เรียบร้อย
2025-03-25 15:48:00,10656,34307,ทำความสะอาดไม่เรียบร้อย
2025-03-25 18:23:00,12144,34312,ทำความสะอาดไม่เรียบร้อย
2025-03-25 20:01:00,12516,34316,ทำความสะอาดไม่เรียบร้อย
2025-03-26 08:54:00,7493,34325,ทำความสะอาดไม่เรียบร้อย
2025-03-26 09:51:00,11959,34328,ทำความสะอาดไม่เรียบร้อย
2025-03-26 22:03:00,12318,34331,ทำความสะอาดไม่เรียบร้อย
2025-03-26 15:45:00,10719,34338,ทำความสะอาดไม่เรียบร้อย
2025-03-27 06:52:00,12127,34349,ทำความสะอาดไม่เรียบร้อย
2025-03-26 17:48:00,7113,34350,ทำความสะอาดไม่เรียบร้อย
2025-03-27 17:30:00,9365,34364,ทำความสะอาดไม่เรียบร้อย
2025-03-27 18:35:00,11924,34371,ทำความสะอาดไม่เรียบร้อย
2025-03-28 08:37:00,12218,34380,ทำความสะอาดไม่เรียบร้อย
2025-03-30 21:39:00,11235,34501,ทำความสะอาดไม่เรียบร้อย
2025-03-31 08:20:00,12382,34508,ทำความสะอาดไม่เรียบร้อย
2025-03-31 09:28:00,11256,34510,ทำความสะอาดไม่เรียบร้อย
2025-03-31 08:13:00,12516,34518,ทำความสะอาดไม่เรียบร้อย
2025-03-31 09:42:00,11972,34524,ทำความสะอาดไม่เรียบร้อย
2025-03-31 14:12:00,10532,34527,ทำความสะอาดไม่เรียบร้อย
2025-03-31 15:11:00,11599,34529,ทำความสะอาดไม่เรียบร้อย
2025-03-31 15:52:00,12198,34531,ทำความสะอาดไม่เรียบร้อย
2025-03-31 19:08:00,12297,34542,ทำความสะอาดไม่เรียบร้อย
2025-03-31 15:35:00,10232,34547,ทำความสะอาดไม่เรียบร้อย
2025-03-31 19:30:00,10782,34553,ทำความสะอาดไม่เรียบร้อย
2025-03-29 12:31:00,6743,34637,ทำความสะอาดไม่เรียบร้อย
2025-01-01 07:33:00,9475,32183,คุณภาพการให้บริการต่ำกว่า 4 ดาว
2025-01-01 10:58:00,10564,32186,คุณภาพการให้บริการต่ำกว่า 4 ดาว
2025-01-01 15:00:00,11665,32193,คุณภาพการให้บริการต่ำกว่า 4 ดาว
2025-01-01 18:15:00,11345,32198,คุณภาพการให้บริการต่ำกว่า 4 ดาว
2025-01-02 06:59:00,11426,32199,คุณภาพการให้บริการต่ำกว่า 4 ดาว
2025-01-02 20:00:00,4601,32200,คุณภาพการให้บริการต่ำกว่า 4 ดาว
2025-01-02 12:55:00,11646,32207,คุณภาพการให้บริการต่ำกว่า 4 ดาว
2025-01-02 12:07:00,6982,32208,คุณภาพการให้บริการต่ำกว่า 4 ดาว
2025-01-03 15:08:00,11085,32246,คุณภาพการให้บริการต่ำกว่า 4 ดาว
2025-01-04 06:29:00,10579,32253,คุณภาพการให้บริการต่ำกว่า 4 ดาว
2025-01-04 13:07:00,11017,32269,คุณภาพการให้บริการต่ำกว่า 4 ดาว
2025-01-04 12:20:00,12034,32271,คุณภาพการให้บริการต่ำกว่า 4 ดาว
2025-01-05 18:35:00,11105,32275,คุณภาพการให้บริการต่ำกว่า 4 ดาว
2025-01-05 09:37:00,11994,32278,คุณภาพการให้บริการต่ำกว่า 4 ดาว
2025-01-05 13:11:00,11322,32285,คุณภาพการให้บริการต่ำกว่า 4 ดาว
2025-01-05 13:24:00,9332,32286,คุณภาพการให้บริการต่ำกว่า 4 ดาว
2025-01-06 20:30:00,7134,32296,คุณภาพการให้บริการต่ำกว่า 4 ดาว
2025-01-06 03:04:00,4601,32297,คุณภาพการให้บริการต่ำกว่า 4 ดาว
2025-01-06 19:49:00,8516,32298,คุณภาพการให้บริการต่ำกว่า 4 ดาว
2025-01-06 14:18:00,11690,32308,คุณภาพการให้บริการต่ำกว่า 4 ดาว
2025-01-06 14:47:00,1736,32310,คุณภาพการให้บริการต่ำกว่า 4 ดาว
2025-01-06 16:12:00,7436,32312,คุณภาพการให้บริการต่ำกว่า 4 ดาว
2025-01-06 16:28:00,11832,32314,คุณภาพการให้บริการต่ำกว่า 4 ดาว
2025-01-06 17:46:00,11990,32319,คุณภาพการให้บริการต่ำกว่า 4 ดาว
2025-01-07 17:11:00,11379,32333,คุณภาพการให้บริการต่ำกว่า 4 ดาว
2025-01-07 22:11:00,11491,32334,คุณภาพการให้บริการต่ำกว่า 4 ดาว
2025-01-07 23:12:00,11127,32335,คุณภาพการให้บริการต่ำกว่า 4 ดาว
2025-01-08 16:09:00,10757,32360,คุณภาพการให้บริการต่ำกว่า 4 ดาว
2025-01-09 23:52:00,11621,32369,คุณภาพการให้บริการต่ำกว่า 4 ดาว
2025-01-09 07:49:00,11965,32371,คุณภาพการให้บริการต่ำกว่า 4 ดาว
2025-01-08 23:14:00,11468,32372,คุณภาพการให้บริการต่ำกว่า 4 ดาว
2025-01-08 21:16:00,11621,32373,คุณภาพการให้บริการต่ำกว่า 4 ดาว
2025-01-09 12:22:00,5276,32385,คุณภาพการให้บริการต่ำกว่า 4 ดาว
2025-01-10 18:45:00,10841,32400,คุณภาพการให้บริการต่ำกว่า 4 ดาว
2025-01-09 17:45:00,11702,32401,คุณภาพการให้บริการต่ำกว่า 4 ดาว
2025-01-09 19:34:00,10430,32402,คุณภาพการให้บริการต่ำกว่า 4 ดาว
2025-01-10 19:22:00,9157,32403,คุณภาพการให้บริการต่ำกว่า 4 ดาว
2025-01-10 11:02:00,4817,32408,คุณภาพการให้บริการต่ำกว่า 4 ดาว
2025-01-10 17:07:00,11747,32418,คุณภาพการให้บริการต่ำกว่า 4 ดาว
2025-01-10 17:18:00,11345,32419,คุณภาพการให้บริการต่ำกว่า 4 ดาว
2025-01-11 00:05:00,10579,32424,คุณภาพการให้บริการต่ำกว่า 4 ดาว
2025-01-11 07:20:00,11105,32427,คุณภาพการให้บริการต่ำกว่า 4 ดาว
2025-01-11 06:23:00,11811,32428,คุณภาพการให้บริการต่ำกว่า 4 ดาว
2025-01-11 13:30:00,11426,32439,คุณภาพการให้บริการต่ำกว่า 4 ดาว
2025-01-11 14:39:00,11820,32444,คุณภาพการให้บริการต่ำกว่า 4 ดาว
2025-01-12 08:54:00,10974,32454,คุณภาพการให้บริการต่ำกว่า 4 ดาว
2025-01-12 15:11:00,11820,32469,คุณภาพการให้บริการต่ำกว่า 4 ดาว
2025-01-13 17:35:00,11461,32478,คุณภาพการให้บริการต่ำกว่า 4 ดาว
2025-01-12 06:18:00,8343,32480,คุณภาพการให้บริการต่ำกว่า 4 ดาว
2025-01-13 11:13:00,5168,32489,คุณภาพการให้บริการต่ำกว่า 4 ดาว
2025-01-13 17:18:00,11952,32501,คุณภาพการให้บริการต่ำกว่า 4 ดาว
2025-01-14 08:57:00,11035,32530,คุณภาพการให้บริการต่ำกว่า 4 ดาว
2025-01-15 13:01:00,6806,32538,คุณภาพการให้บริการต่ำกว่า 4 ดาว
2025-01-15 17:36:00,10494,32555,คุณภาพการให้บริการต่ำกว่า 4 ดาว
2025-01-15 19:58:00,5857,32556,คุณภาพการให้บริการต่ำกว่า 4 ดาว
2025-01-16 12:07:00,12015,32567,คุณภาพการให้บริการต่ำกว่า 4 ดาว
2025-01-16 17:22:00,12021,32574,คุณภาพการให้บริการต่ำกว่า 4 ดาว
2025-01-16 20:19:00,12025,32581,คุณภาพการให้บริการต่ำกว่า 4 ดาว
2025-01-17 16:33:00,12006,32597,คุณภาพการให้บริการต่ำกว่า 4 ดาว
2025-01-18 19:42:00,7788,32602,คุณภาพการให้บริการต่ำกว่า 4 ดาว
2025-01-18 16:41:00,11973,32621,คุณภาพการให้บริการต่ำกว่า 4 ดาว
2025-01-18 17:14:00,10320,32622,คุณภาพการให้บริการต่ำกว่า 4 ดาว
2025-01-19 16:20:00,10927,32629,คุณภาพการให้บริการต่ำกว่า 4 ดาว
2025-01-18 09:35:00,11089,32630,คุณภาพการให้บริการต่ำกว่า 4 ดาว
2025-01-19 09:33:00,11982,32634,คุณภาพการให้บริการต่ำกว่า 4 ดาว
2025-01-19 10:39:00,207,32637,คุณภาพการให้บริการต่ำกว่า 4 ดาว
2025-01-20 18:23:00,589,32659,คุณภาพการให้บริการต่ำกว่า 4 ดาว
2025-01-20 20:06:00,10858,32660,คุณภาพการให้บริการต่ำกว่า 4 ดาว
2025-01-20 09:25:00,4614,32663,คุณภาพการให้บริการต่ำกว่า 4 ดาว
2025-01-20 10:52:00,11215,32666,คุณภาพการให้บริการต่ำกว่า 4 ดาว
2025-01-20 12:34:00,11735,32668,คุณภาพการให้บริการต่ำกว่า 4 ดาว
2025-01-20 17:27:00,6810,32674,คุณภาพการให้บริการต่ำกว่า 4 ดาว
2025-01-20 17:32:00,10697,32679,คุณภาพการให้บริการต่ำกว่า 4 ดาว
2025-01-20 19:54:00,10414,32680,คุณภาพการให้บริการต่ำกว่า 4 ดาว
2025-01-20 21:38:00,6669,32681,คุณภาพการให้บริการต่ำกว่า 4 ดาว
2025-01-22 14:40:00,12015,32701,คุณภาพการให้บริการต่ำกว่า 4 ดาว
2025-01-22 13:20:00,559,32708,คุณภาพการให้บริการต่ำกว่า 4 ดาว
2025-01-22 16:09:00,11562,32713,คุณภาพการให้บริการต่ำกว่า 4 ดาว
2025-01-23 09:59:00,5077,32725,คุณภาพการให้บริการต่ำกว่า 4 ดาว
2025-01-23 19:49:00,12015,32740,คุณภาพการให้บริการต่ำกว่า 4 ดาว
2025-01-23 17:27:00,11815,32741,คุณภาพการให้บริการต่ำกว่า 4 ดาว
2025-01-24 08:07:00,11946,32742,คุณภาพการให้บริการต่ำกว่า 4 ดาว
2025-01-24 07:42:00,12027,32743,คุณภาพการให้บริการต่ำกว่า 4 ดาว
2025-01-25 19:42:00,11965,32771,คุณภาพการให้บริการต่ำกว่า 4 ดาว
2025-01-25 22:45:00,10232,32773,คุณภาพการให้บริการต่ำกว่า 4 ดาว
2025-01-25 13:21:00,9062,32779,คุณภาพการให้บริการต่ำกว่า 4 ดาว
2025-01-25 07:50:00,12110,32792,คุณภาพการให้บริการต่ำกว่า 4 ดาว
2025-01-25 20:26:00,5648,32793,คุณภาพการให้บริการต่ำกว่า 4 ดาว
2025-01-26 11:03:00,10311,32799,คุณภาพการให้บริการต่ำกว่า 4 ดาว
2025-01-26 11:08:00,10332,32800,คุณภาพการให้บริการต่ำกว่า 4 ดาว
2025-01-26 11:40:00,11403,32802,คุณภาพการให้บริการต่ำกว่า 4 ดาว
2025-01-26 14:47:00,9686,32810,คุณภาพการให้บริการต่ำกว่า 4 ดาว
2025-01-26 15:21:00,3031,32811,คุณภาพการให้บริการต่ำกว่า 4 ดาว
2025-01-26 15:27:00,9370,32814,คุณภาพการให้บริการต่ำกว่า 4 ดาว
2025-01-26 17:09:00,11954,32817,คุณภาพการให้บริการต่ำกว่า 4 ดาว
2025-01-27 19:29:00,10400,32823,คุณภาพการให้บริการต่ำกว่า 4 ดาว
2025-01-27 21:29:00,10430,32824,คุณภาพการให้บริการต่ำกว่า 4 ดาว
2025-01-27 03:13:00,11024,32825,คุณภาพการให้บริการต่ำกว่า 4 ดาว
2025-01-27 09:54:00,9821,32836,คุณภาพการให้บริการต่ำกว่า 4 ดาว
2025-01-27 11:02:00,11965,32839,คุณภาพการให้บริการต่ำกว่า 4 ดาว
2025-01-27 14:42:00,6803,32846,คุณภาพการให้บริการต่ำกว่า 4 ดาว
2025-01-27 14:44:00,11989,32847,คุณภาพการให้บริการต่ำกว่า 4 ดาว
2025-01-27 19:30:00,11966,32856,คุณภาพการให้บริการต่ำกว่า 4 ดาว
2025-01-27 22:10:00,11671,32857,คุณภาพการให้บริการต่ำกว่า 4 ดาว
2025-01-27 07:07:00,11886,32858,คุณภาพการให้บริการต่ำกว่า 4 ดาว
2025-01-28 18:24:00,10348,32860,คุณภาพการให้บริการต่ำกว่า 4 ดาว
2025-01-28 10:54:00,12010,32864,คุณภาพการให้บริการต่ำกว่า 4 ดาว
2025-01-28 15:36:00,11542,32871,คุณภาพการให้บริการต่ำกว่า 4 ดาว
2025-01-28 16:14:00,12027,32872,คุณภาพการให้บริการต่ำกว่า 4 ดาว
2025-01-28 17:28:00,12148,32879,คุณภาพการให้บริการต่ำกว่า 4 ดาว
2025-01-29 10:05:00,5168,32886,คุณภาพการให้บริการต่ำกว่า 4 ดาว
2025-01-29 11:07:00,10268,32891,คุณภาพการให้บริการต่ำกว่า 4 ดาว
2025-01-30 20:19:00,10140,32905,คุณภาพการให้บริการต่ำกว่า 4 ดาว
2025-01-29 12:34:00,11538,32906,คุณภาพการให้บริการต่ำกว่า 4 ดาว
2025-01-29 11:37:00,11457,32908,คุณภาพการให้บริการต่ำกว่า 4 ดาว
2025-01-30 09:47:00,10744,32909,คุณภาพการให้บริการต่ำกว่า 4 ดาว
2025-01-30 13:32:00,10693,32915,คุณภาพการให้บริการต่ำกว่า 4 ดาว
2025-01-30 14:57:00,6987,32919,คุณภาพการให้บริการต่ำกว่า 4 ดาว
2025-01-30 19:20:00,6670,32927,คุณภาพการให้บริการต่ำกว่า 4 ดาว
2025-01-31 21:21:00,10691,32929,คุณภาพการให้บริการต่ำกว่า 4 ดาว
2025-01-31 12:07:00,7742,32933,คุณภาพการให้บริการต่ำกว่า 4 ดาว
2025-01-31 15:43:00,5008,32940,คุณภาพการให้บริการต่ำกว่า 4 ดาว
2025-02-02 09:52:00,9040,32965,คุณภาพการให้บริการต่ำกว่า 4 ดาว
2025-02-02 01:02:00,11719,32968,คุณภาพการให้บริการต่ำกว่า 4 ดาว
2025-02-02 16:34:00,10822,32982,คุณภาพการให้บริการต่ำกว่า 4 ดาว
2025-02-03 23:14:00,4898,32990,คุณภาพการให้บริการต่ำกว่า 4 ดาว
2025-02-03 11:21:00,12027,32997,คุณภาพการให้บริการต่ำกว่า 4 ดาว
2025-02-03 14:12:00,6657,32999,คุณภาพการให้บริการต่ำกว่า 4 ดาว
2025-02-03 14:17:00,12094,33000,คุณภาพการให้บริการต่ำกว่า 4 ดาว
2025-02-03 14:48:00,6284,33004,คุณภาพการให้บริการต่ำกว่า 4 ดาว
2025-02-04 07:55:00,10400,33014,คุณภาพการให้บริการต่ำกว่า 4 ดาว
2025-02-04 11:05:00,11406,33019,คุณภาพการให้บริการต่ำกว่า 4 ดาว
2025-02-05 08:54:00,10305,33036,คุณภาพการให้บริการต่ำกว่า 4 ดาว
2025-02-05 09:58:00,8196,33040,คุณภาพการให้บริการต่ำกว่า 4 ดาว
2025-02-05 10:43:00,11747,33045,คุณภาพการให้บริการต่ำกว่า 4 ดาว
2025-02-05 14:06:00,10388,33052,คุณภาพการให้บริการต่ำกว่า 4 ดาว
2025-02-05 17:19:00,11436,33058,คุณภาพการให้บริการต่ำกว่า 4 ดาว
2025-02-06 23:02:00,5461,33091,คุณภาพการให้บริการต่ำกว่า 4 ดาว
2025-02-07 06:21:00,9322,33110,คุณภาพการให้บริการต่ำกว่า 4 ดาว
2025-02-08 11:18:00,12046,33116,คุณภาพการให้บริการต่ำกว่า 4 ดาว
2025-02-08 12:13:00,12098,33122,คุณภาพการให้บริการต่ำกว่า 4 ดาว
2025-02-08 17:08:00,12015,33134,คุณภาพการให้บริการต่ำกว่า 4 ดาว
2025-02-08 17:08:00,11491,33135,คุณภาพการให้บริการต่ำกว่า 4 ดาว
2025-02-09 08:51:00,12180,33141,คุณภาพการให้บริการต่ำกว่า 4 ดาว
2025-02-09 21:47:00,12257,33142,คุณภาพการให้บริการต่ำกว่า 4 ดาว
2025-02-09 08:25:00,10577,33143,คุณภาพการให้บริการต่ำกว่า 4 ดาว
2025-02-09 13:18:00,12102,33153,คุณภาพการให้บริการต่ำกว่า 4 ดาว
2025-02-09 13:43:00,10140,33154,คุณภาพการให้บริการต่ำกว่า 4 ดาว
2025-02-09 07:06:00,11973,33168,คุณภาพการให้บริการต่ำกว่า 4 ดาว
2025-02-10 17:45:00,7851,33169,คุณภาพการให้บริการต่ำกว่า 4 ดาว
2025-02-10 18:11:00,10416,33187,คุณภาพการให้บริการต่ำกว่า 4 ดาว
2025-02-10 06:47:00,12239,33188,คุณภาพการให้บริการต่ำกว่า 4 ดาว
2025-02-11 16:33:00,11510,33207,คุณภาพการให้บริการต่ำกว่า 4 ดาว
2025-02-11 17:19:00,11436,33210,คุณภาพการให้บริการต่ำกว่า 4 ดาว
2025-02-12 13:18:00,8922,33225,คุณภาพการให้บริการต่ำกว่า 4 ดาว
2025-02-12 14:04:00,11820,33228,คุณภาพการให้บริการต่ำกว่า 4 ดาว
2025-02-12 17:04:00,11055,33235,คุณภาพการให้บริการต่ำกว่า 4 ดาว
2025-02-13 20:38:00,4092,33243,คุณภาพการให้บริการต่ำกว่า 4 ดาว
2025-02-12 21:02:00,7993,33244,คุณภาพการให้บริการต่ำกว่า 4 ดาว
2025-02-13 07:55:00,10988,33246,คุณภาพการให้บริการต่ำกว่า 4 ดาว
2025-02-13 16:48:00,10901,33256,คุณภาพการให้บริการต่ำกว่า 4 ดาว
2025-02-13 19:29:00,10430,33265,คุณภาพการให้บริการต่ำกว่า 4 ดาว
2025-02-14 22:12:00,12318,33266,คุณภาพการให้บริการต่ำกว่า 4 ดาว
2025-02-14 15:17:00,12181,33279,คุณภาพการให้บริการต่ำกว่า 4 ดาว
2025-02-14 16:15:00,12181,33282,คุณภาพการให้บริการต่ำกว่า 4 ดาว
2025-02-15 18:09:00,12138,33286,คุณภาพการให้บริการต่ำกว่า 4 ดาว
2025-02-14 09:17:00,12150,33291,คุณภาพการให้บริการต่ำกว่า 4 ดาว
2025-02-15 09:17:00,9849,33297,คุณภาพการให้บริการต่ำกว่า 4 ดาว
2025-02-15 17:00:00,11136,33310,คุณภาพการให้บริการต่ำกว่า 4 ดาว
2025-02-16 07:43:00,8246,33318,คุณภาพการให้บริการต่ำกว่า 4 ดาว
2025-02-15 18:32:00,9603,33319,คุณภาพการให้บริการต่ำกว่า 4 ดาว
2025-02-15 18:03:00,4824,33320,คุณภาพการให้บริการต่ำกว่า 4 ดาว
2025-02-16 13:40:00,12212,33331,คุณภาพการให้บริการต่ำกว่า 4 ดาว
2025-02-16 15:10:00,10988,33335,คุณภาพการให้บริการต่ำกว่า 4 ดาว
2025-02-17 11:44:00,11997,33349,คุณภาพการให้บริการต่ำกว่า 4 ดาว
2025-02-17 15:25:00,2618,33362,คุณภาพการให้บริการต่ำกว่า 4 ดาว
2025-02-17 06:02:00,12212,33366,คุณภาพการให้บริการต่ำกว่า 4 ดาว
2025-02-18 18:02:00,9687,33368,คุณภาพการให้บริการต่ำกว่า 4 ดาว
2025-02-18 15:12:00,11815,33379,คุณภาพการให้บริการต่ำกว่า 4 ดาว
2025-02-18 15:34:00,7290,33380,คุณภาพการให้บริการต่ำกว่า 4 ดาว
2025-02-19 13:16:00,4608,33394,คุณภาพการให้บริการต่ำกว่า 4 ดาว
2025-02-19 09:10:00,12039,33405,คุณภาพการให้บริการต่ำกว่า 4 ดาว
2025-02-20 21:14:00,10585,33425,คุณภาพการให้บริการต่ำกว่า 4 ดาว
2025-02-21 16:16:00,9183,33443,คุณภาพการให้บริการต่ำกว่า 4 ดาว
2025-02-21 17:58:00,243,33449,คุณภาพการให้บริการต่ำกว่า 4 ดาว
2025-02-21 18:26:00,12144,33451,คุณภาพการให้บริการต่ำกว่า 4 ดาว
2025-02-21 06:32:00,12121,33459,คุณภาพการให้บริการต่ำกว่า 4 ดาว
2025-02-21 17:51:00,11850,33461,คุณภาพการให้บริการต่ำกว่า 4 ดาว
2025-02-22 13:41:00,11500,33474,คุณภาพการให้บริการต่ำกว่า 4 ดาว
2025-02-22 14:35:00,11744,33475,คุณภาพการให้บริการต่ำกว่า 4 ดาว
2025-02-23 20:53:00,12144,33483,คุณภาพการให้บริการต่ำกว่า 4 ดาว
2025-02-22 09:12:00,9941,33484,คุณภาพการให้บริการต่ำกว่า 4 ดาว
2025-02-22 18:44:00,10416,33485,คุณภาพการให้บริการต่ำกว่า 4 ดาว
2025-02-22 22:36:00,12252,33486,คุณภาพการให้บริการต่ำกว่า 4 ดาว
2025-02-23 13:11:00,11761,33493,คุณภาพการให้บริการต่ำกว่า 4 ดาว
2025-02-23 15:23:00,4703,33498,คุณภาพการให้บริการต่ำกว่า 4 ดาว
2025-02-23 15:47:00,12041,33499,คุณภาพการให้บริการต่ำกว่า 4 ดาว
2025-02-23 16:13:00,12172,33501,คุณภาพการให้บริการต่ำกว่า 4 ดาว
2025-02-23 16:33:00,7742,33502,คุณภาพการให้บริการต่ำกว่า 4 ดาว
2025-02-23 16:50:00,12137,33505,คุณภาพการให้บริการต่ำกว่า 4 ดาว
2025-02-24 19:24:00,12021,33513,คุณภาพการให้บริการต่ำกว่า 4 ดาว
2025-02-23 21:11:00,12144,33514,คุณภาพการให้บริการต่ำกว่า 4 ดาว
2025-02-24 08:06:00,12224,33515,คุณภาพการให้บริการต่ำกว่า 4 ดาว
2025-02-24 13:32:00,12224,33525,คุณภาพการให้บริการต่ำกว่า 4 ดาว
2025-02-24 14:40:00,12303,33526,คุณภาพการให้บริการต่ำกว่า 4 ดาว
2025-02-24 16:40:00,9644,33530,คุณภาพการให้บริการต่ำกว่า 4 ดาว
2025-02-24 18:53:00,11500,33538,คุณภาพการให้บริการต่ำกว่า 4 ดาว
2025-02-25 08:35:00,10030,33539,คุณภาพการให้บริการต่ำกว่า 4 ดาว
2025-02-25 08:48:00,7302,33541,คุณภาพการให้บริการต่ำกว่า 4 ดาว
2025-02-25 11:55:00,9454,33548,คุณภาพการให้บริการต่ำกว่า 4 ดาว
2025-02-25 12:32:00,11963,33549,คุณภาพการให้บริการต่ำกว่า 4 ดาว
2025-02-25 12:56:00,2857,33550,คุณภาพการให้บริการต่ำกว่า 4 ดาว
2025-02-25 16:04:00,11955,33555,คุณภาพการให้บริการต่ำกว่า 4 ดาว
2025-02-25 16:04:00,10400,33556,คุณภาพการให้บริการต่ำกว่า 4 ดาว
2025-02-26 12:45:00,11500,33575,คุณภาพการให้บริการต่ำกว่า 4 ดาว
2025-02-26 14:02:00,11775,33579,คุณภาพการให้บริการต่ำกว่า 4 ดาว
2025-02-27 13:25:00,12336,33596,คุณภาพการให้บริการต่ำกว่า 4 ดาว
2025-02-28 01:54:00,12341,33610,คุณภาพการให้บริการต่ำกว่า 4 ดาว
2025-02-28 11:45:00,11660,33616,คุณภาพการให้บริการต่ำกว่า 4 ดาว
2025-02-28 12:47:00,12341,33622,คุณภาพการให้บริการต่ำกว่า 4 ดาว
2025-02-28 14:23:00,12210,33626,คุณภาพการให้บริการต่ำกว่า 4 ดาว
2025-02-28 08:08:00,12296,33643,คุณภาพการให้บริการต่ำกว่า 4 ดาว
2025-03-01 19:20:00,4992,33644,คุณภาพการให้บริการต่ำกว่า 4 ดาว
2025-03-01 08:48:00,10208,33645,คุณภาพการให้บริการต่ำกว่า 4 ดาว
2025-03-01 13:11:00,7207,33652,คุณภาพการให้บริการต่ำกว่า 4 ดาว
2025-03-01 17:19:00,12159,33666,คุณภาพการให้บริการต่ำกว่า 4 ดาว
2025-03-02 18:12:00,4899,33673,คุณภาพการให้บริการต่ำกว่า 4 ดาว
2025-03-01 09:37:00,8985,33676,คุณภาพการให้บริการต่ำกว่า 4 ดาว
2025-03-02 10:21:00,11965,33685,คุณภาพการให้บริการต่ำกว่า 4 ดาว
2025-03-02 13:14:00,6810,33689,คุณภาพการให้บริการต่ำกว่า 4 ดาว
2025-03-02 13:20:00,12263,33690,คุณภาพการให้บริการต่ำกว่า 4 ดาว
2025-03-02 13:47:00,10414,33691,คุณภาพการให้บริการต่ำกว่า 4 ดาว
2025-03-03 21:39:00,12221,33706,คุณภาพการให้บริการต่ำกว่า 4 ดาว
2025-03-02 18:23:00,10268,33708,คุณภาพการให้บริการต่ำกว่า 4 ดาว
2025-03-03 18:05:00,5138,33709,คุณภาพการให้บริการต่ำกว่า 4 ดาว
2025-03-03 16:20:00,1003,33727,คุณภาพการให้บริการต่ำกว่า 4 ดาว
2025-03-04 13:16:00,12260,33746,คุณภาพการให้บริการต่ำกว่า 4 ดาว
2025-03-04 14:44:00,12318,33750,คุณภาพการให้บริการต่ำกว่า 4 ดาว
2025-03-04 14:38:00,11848,33752,คุณภาพการให้บริการต่ำกว่า 4 ดาว
2025-03-04 07:10:00,11348,33762,คุณภาพการให้บริการต่ำกว่า 4 ดาว
2025-03-05 10:31:00,10917,33771,คุณภาพการให้บริการต่ำกว่า 4 ดาว
2025-03-05 11:06:00,12240,33772,คุณภาพการให้บริการต่ำกว่า 4 ดาว
2025-03-05 13:10:00,10513,33783,คุณภาพการให้บริการต่ำกว่า 4 ดาว
2025-03-05 15:30:00,11927,33788,คุณภาพการให้บริการต่ำกว่า 4 ดาว
2025-03-05 15:55:00,5341,33790,คุณภาพการให้บริการต่ำกว่า 4 ดาว
2025-03-05 05:52:00,10430,33801,คุณภาพการให้บริการต่ำกว่า 4 ดาว
2025-03-05 08:49:00,12078,33802,คุณภาพการให้บริการต่ำกว่า 4 ดาว
2025-03-06 11:20:00,12078,33811,คุณภาพการให้บริการต่ำกว่า 4 ดาว
2025-03-07 21:38:00,12098,33831,คุณภาพการให้บริการต่ำกว่า 4 ดาว
2025-03-06 20:35:00,12212,33835,คุณภาพการให้บริการต่ำกว่า 4 ดาว
2025-03-07 14:53:00,12103,33853,คุณภาพการให้บริการต่ำกว่า 4 ดาว
2025-03-07 16:21:00,11044,33856,คุณภาพการให้บริการต่ำกว่า 4 ดาว
2025-03-07 22:22:00,10406,33872,คุณภาพการให้บริการต่ำกว่า 4 ดาว
2025-03-07 18:03:00,9646,33873,คุณภาพการให้บริการต่ำกว่า 4 ดาว
2025-03-07 06:12:00,10342,33874,คุณภาพการให้บริการต่ำกว่า 4 ดาว
2025-03-07 10:04:00,298,33875,คุณภาพการให้บริการต่ำกว่า 4 ดาว
2025-03-08 12:17:00,7230,33883,คุณภาพการให้บริการต่ำกว่า 4 ดาว
2025-03-08 17:09:00,9603,33892,คุณภาพการให้บริการต่ำกว่า 4 ดาว
2025-03-09 18:37:00,12157,33896,คุณภาพการให้บริการต่ำกว่า 4 ดาว
2025-03-09 18:49:00,11055,33897,คุณภาพการให้บริการต่ำกว่า 4 ดาว
2025-03-09 19:44:00,3762,33898,คุณภาพการให้บริการต่ำกว่า 4 ดาว
2025-03-09 21:11:00,11547,33899,คุณภาพการให้บริการต่ำกว่า 4 ดาว
2025-03-08 18:31:00,10430,33900,คุณภาพการให้บริการต่ำกว่า 4 ดาว
2025-03-08 12:41:00,7429,33901,คุณภาพการให้บริการต่ำกว่า 4 ดาว
2025-03-08 19:28:00,11400,33902,คุณภาพการให้บริการต่ำกว่า 4 ดาว
2025-03-08 20:50:00,11814,33903,คุณภาพการให้บริการต่ำกว่า 4 ดาว
2025-03-09 14:03:00,1702,33912,คุณภาพการให้บริการต่ำกว่า 4 ดาว
2025-03-09 16:54:00,12413,33917,คุณภาพการให้บริการต่ำกว่า 4 ดาว
2025-03-09 20:30:00,10022,33921,คุณภาพการให้บริการต่ำกว่า 4 ดาว
2025-03-09 22:11:00,12373,33925,คุณภาพการให้บริการต่ำกว่า 4 ดาว
2025-03-10 09:20:00,5104,33927,คุณภาพการให้บริการต่ำกว่า 4 ดาว
2025-03-10 11:41:00,11731,33934,คุณภาพการให้บริการต่ำกว่า 4 ดาว
2025-03-10 12:17:00,10581,33938,คุณภาพการให้บริการต่ำกว่า 4 ดาว
2025-03-10 14:33:00,11569,33944,คุณภาพการให้บริการต่ำกว่า 4 ดาว
2025-03-10 17:02:00,9821,33945,คุณภาพการให้บริการต่ำกว่า 4 ดาว
2025-03-10 08:23:00,11088,33952,คุณภาพการให้บริการต่ำกว่า 4 ดาว
2025-03-11 11:25:00,11771,33957,คุณภาพการให้บริการต่ำกว่า 4 ดาว
2025-03-11 18:24:00,11001,33978,คุณภาพการให้บริการต่ำกว่า 4 ดาว
2025-03-12 21:33:00,12382,33979,คุณภาพการให้บริการต่ำกว่า 4 ดาว
2025-03-12 13:08:00,11275,33991,คุณภาพการให้บริการต่ำกว่า 4 ดาว
2025-03-12 15:41:00,11289,33996,คุณภาพการให้บริการต่ำกว่า 4 ดาว
2025-03-12 23:09:00,12055,34003,คุณภาพการให้บริการต่ำกว่า 4 ดาว
2025-03-13 00:40:00,4092,34004,คุณภาพการให้บริการต่ำกว่า 4 ดาว
2025-03-13 20:21:00,6372,34005,คุณภาพการให้บริการต่ำกว่า 4 ดาว
2025-03-12 10:06:00,12445,34006,คุณภาพการให้บริการต่ำกว่า 4 ดาว
2025-03-13 14:28:00,11426,34018,คุณภาพการให้บริการต่ำกว่า 4 ดาว
2025-03-13 21:04:00,9658,34028,คุณภาพการให้บริการต่ำกว่า 4 ดาว
2025-03-14 09:48:00,12303,34034,คุณภาพการให้บริการต่ำกว่า 4 ดาว
2025-03-15 21:53:00,207,34069,คุณภาพการให้บริการต่ำกว่า 4 ดาว
2025-03-15 23:03:00,12172,34070,คุณภาพการให้บริการต่ำกว่า 4 ดาว
2025-03-16 14:38:00,12184,34078,คุณภาพการให้บริการต่ำกว่า 4 ดาว
2025-03-16 16:40:00,11949,34082,คุณภาพการให้บริการต่ำกว่า 4 ดาว
2025-03-16 19:03:00,10142,34092,คุณภาพการให้บริการต่ำกว่า 4 ดาว
2025-03-16 19:03:00,12037,34093,คุณภาพการให้บริการต่ำกว่า 4 ดาว
2025-03-18 02:56:00,12296,34117,คุณภาพการให้บริการต่ำกว่า 4 ดาว
2025-03-18 13:09:00,11932,34127,คุณภาพการให้บริการต่ำกว่า 4 ดาว
2025-03-18 16:46:00,9303,34130,คุณภาพการให้บริการต่ำกว่า 4 ดาว
2025-03-19 14:18:00,12344,34145,คุณภาพการให้บริการต่ำกว่า 4 ดาว
2025-03-19 15:36:00,10140,34146,คุณภาพการให้บริการต่ำกว่า 4 ดาว
2025-03-19 16:56:00,11820,34152,คุณภาพการให้บริการต่ำกว่า 4 ดาว
2025-03-20 14:05:00,9370,34163,คุณภาพการให้บริการต่ำกว่า 4 ดาว
2025-03-20 15:32:00,11003,34168,คุณภาพการให้บริการต่ำกว่า 4 ดาว
2025-03-21 16:05:00,12284,34193,คุณภาพการให้บริการต่ำกว่า 4 ดาว
2025-03-22 21:18:00,11541,34198,คุณภาพการให้บริการต่ำกว่า 4 ดาว
2025-03-22 21:40:00,12378,34202,คุณภาพการให้บริการต่ำกว่า 4 ดาว
2025-03-21 09:18:00,10757,34203,คุณภาพการให้บริการต่ำกว่า 4 ดาว
2025-03-22 13:28:00,12021,34218,คุณภาพการให้บริการต่ำกว่า 4 ดาว
2025-03-22 13:27:00,8901,34219,คุณภาพการให้บริการต่ำกว่า 4 ดาว
2025-03-22 10:32:00,11760,34226,คุณภาพการให้บริการต่ำกว่า 4 ดาว
2025-03-22 19:19:00,8389,34229,คุณภาพการให้บริการต่ำกว่า 4 ดาว
2025-03-22 22:26:00,9174,34230,คุณภาพการให้บริการต่ำกว่า 4 ดาว
2025-03-22 18:19:00,6605,34231,คุณภาพการให้บริการต่ำกว่า 4 ดาว
2025-03-23 19:37:00,12368,34260,คุณภาพการให้บริการต่ำกว่า 4 ดาว
2025-03-23 22:07:00,11966,34261,คุณภาพการให้บริการต่ำกว่า 4 ดาว
2025-03-24 11:16:00,10400,34267,คุณภาพการให้บริการต่ำกว่า 4 ดาว
2025-03-24 14:08:00,12094,34277,คุณภาพการให้บริการต่ำกว่า 4 ดาว
2025-03-24 18:38:00,11415,34286,คุณภาพการให้บริการต่ำกว่า 4 ดาว
2025-03-24 06:27:00,12437,34287,คุณภาพการให้บริการต่ำกว่า 4 ดาว
2025-03-25 13:43:00,11974,34298,คุณภาพการให้บริการต่ำกว่า 4 ดาว
2025-03-25 15:20:00,11965,34304,คุณภาพการให้บริการต่ำกว่า 4 ดาว
2025-03-26 20:55:00,12318,34320,คุณภาพการให้บริการต่ำกว่า 4 ดาว
2025-03-26 07:24:00,9288,34321,คุณภาพการให้บริการต่ำกว่า 4 ดาว
2025-03-25 18:11:00,9007,34322,คุณภาพการให้บริการต่ำกว่า 4 ดาว
2025-03-27 19:02:00,12223,34348,คุณภาพการให้บริการต่ำกว่า 4 ดาว
2025-03-27 10:15:00,10408,34353,คุณภาพการให้บริการต่ำกว่า 4 ดาว
2025-03-27 13:59:00,12484,34358,คุณภาพการให้บริการต่ำกว่า 4 ดาว
2025-03-27 15:32:00,11827,34359,คุณภาพการให้บริการต่ำกว่า 4 ดาว
2025-03-28 07:09:00,10581,34376,คุณภาพการให้บริการต่ำกว่า 4 ดาว
2025-03-27 21:25:00,12318,34377,คุณภาพการให้บริการต่ำกว่า 4 ดาว
2025-03-27 23:52:00,7451,34379,คุณภาพการให้บริการต่ำกว่า 4 ดาว
2025-03-28 13:42:00,9297,34395,คุณภาพการให้บริการต่ำกว่า 4 ดาว
2025-03-28 09:37:00,12303,34436,คุณภาพการให้บริการต่ำกว่า 4 ดาว
2025-03-29 14:08:00,11400,34458,คุณภาพการให้บริการต่ำกว่า 4 ดาว
2025-03-29 14:11:00,8662,34459,คุณภาพการให้บริการต่ำกว่า 4 ดาว
2025-03-29 18:06:00,8968,34477,คุณภาพการให้บริการต่ำกว่า 4 ดาว
2025-03-29 18:06:00,8595,34478,คุณภาพการให้บริการต่ำกว่า 4 ดาว
2025-03-30 13:44:00,8547,34490,คุณภาพการให้บริการต่ำกว่า 4 ดาว
2025-03-31 18:55:00,10369,34503,คุณภาพการให้บริการต่ำกว่า 4 ดาว
2025-03-31 01:32:00,9436,34505,คุณภาพการให้บริการต่ำกว่า 4 ดาว
2025-03-31 16:32:00,11990,34534,คุณภาพการให้บริการต่ำกว่า 4 ดาว
2025-03-31 16:39:00,9847,34535,คุณภาพการให้บริการต่ำกว่า 4 ดาว
2025-03-31 08:56:00,12244,34549,คุณภาพการให้บริการต่ำกว่า 4 ดาว
2025-03-31 22:56:00,11411,34550,คุณภาพการให้บริการต่ำกว่า 4 ดาว
2025-03-31 20:56:00,9262,34551,คุณภาพการให้บริการต่ำกว่า 4 ดาว
2025-01-02 17:49:00,6806,32221,อุปกรณ์/น้ำยาทำความสะอาด
2025-01-09 13:53:00,6186,32391,อุปกรณ์/น้ำยาทำความสะอาด
2025-01-10 11:44:00,11436,32411,อุปกรณ์/น้ำยาทำความสะอาด
2025-01-11 09:56:00,5374,32432,อุปกรณ์/น้ำยาทำความสะอาด
2025-01-13 16:48:00,8066,32499,อุปกรณ์/น้ำยาทำความสะอาด
2025-01-16 09:43:00,10660,32562,อุปกรณ์/น้ำยาทำความสะอาด
2025-02-05 09:43:00,1360,33038,อุปกรณ์/น้ำยาทำความสะอาด
2025-02-07 20:29:00,11777,33109,อุปกรณ์/น้ำยาทำความสะอาด
2025-03-10 23:58:00,12248,33924,อุปกรณ์/น้ำยาทำความสะอาด
2025-03-15 18:03:00,9691,34065,อุปกรณ์/น้ำยาทำความสะอาด
2025-03-24 16:38:00,10309,34280,อุปกรณ์/น้ำยาทำความสะอาด
2025-03-29 18:47:00,7807,34469,อุปกรณ์/น้ำยาทำความสะอาด
2025-03-30 11:09:00,12226,34483,อุปกรณ์/น้ำยาทำความสะอาด
2025-02-08 11:41:00,11953,33118,ทิ้งของโดยไม่ถามคุณลูกค้า
2025-02-15 21:32:00,12142,33321,ทิ้งของโดยไม่ถามคุณลูกค้า
2025-02-21 10:32:00,7950,33423,ทิ้งของโดยไม่ถามคุณลูกค้า
2025-02-28 12:14:00,11314,33623,ทิ้งของโดยไม่ถามคุณลูกค้า
2025-03-07 13:17:00,11986,33858,ทิ้งของโดยไม่ถามคุณลูกค้า
2025-03-08 16:57:00,8595,33891,ทิ้งของโดยไม่ถามคุณลูกค้า
2025-03-11 14:52:00,12184,33966,ทิ้งของโดยไม่ถามคุณลูกค้า
2025-03-23 17:20:00,11757,34253,ทิ้งของโดยไม่ถามคุณลูกค้า
2025-01-02 15:07:00,9841,32219,ประกันคุณภาพ / ความพึงพอใจ
2025-01-03 13:33:00,11929,32242,ประกันคุณภาพ / ความพึงพอใจ
2025-01-03 14:32:00,11851,32244,ประกันคุณภาพ / ความพึงพอใจ
2025-01-06 10:10:00,11592,32303,ประกันคุณภาพ / ความพึงพอใจ
2025-01-11 16:24:00,11272,32447,ประกันคุณภาพ / ความพึงพอใจ
2025-01-14 16:24:00,11741,32521,ประกันคุณภาพ / ความพึงพอใจ
2025-01-15 16:57:00,11279,32543,ประกันคุณภาพ / ความพึงพอใจ
2025-01-16 15:29:00,11051,32571,ประกันคุณภาพ / ความพึงพอใจ
2025-01-21 16:02:00,4213,32695,ประกันคุณภาพ / ความพึงพอใจ
2025-01-30 17:11:00,12005,32923,ประกันคุณภาพ / ความพึงพอใจ
2025-02-06 10:30:00,9322,33072,ประกันคุณภาพ / ความพึงพอใจ
2025-02-13 17:14:00,7290,33259,ประกันคุณภาพ / ความพึงพอใจ
2025-02-17 13:32:00,11659,33353,ประกันคุณภาพ / ความพึงพอใจ
2025-02-20 14:00:00,12063,33413,ประกันคุณภาพ / ความพึงพอใจ
2025-02-28 09:53:00,11943,33611,ประกันคุณภาพ / ความพึงพอใจ
2025-03-03 21:02:00,12086,33705,ประกันคุณภาพ / ความพึงพอใจ
2025-03-06 11:41:00,11574,33813,ประกันคุณภาพ / ความพึงพอใจ
2025-03-20 16:47:00,10601,34171,ประกันคุณภาพ / ความพึงพอใจ
2025-03-21 09:14:00,10964,34182,ประกันคุณภาพ / ความพึงพอใจ
2025-03-22 08:23:00,11986,34204,ประกันคุณภาพ / ความพึงพอใจ
2025-03-24 14:10:00,12046,34275,ประกันคุณภาพ / ความพึงพอใจ
2025-03-25 15:46:00,9453,34306,ประกันคุณภาพ / ความพึงพอใจ
2025-03-26 12:18:00,8359,34345,ประกันคุณภาพ / ความพึงพอใจ
2025-03-28 10:14:00,10253,34383,ประกันคุณภาพ / ความพึงพอใจ
2025-03-28 10:40:00,3726,34386,ประกันคุณภาพ / ความพึงพอใจ
2025-01-14 11:03:00,11617,32514,รีดผ้าไม่เรียบ
2025-02-06 14:42:00,7621,33080,รีดผ้าไม่เรียบ
2025-02-07 06:19:00,10564,33089,รีดผ้าไม่เรียบ
2025-02-18 14:36:00,11259,33377,รีดผ้าไม่เรียบ
2025-01-12 14:02:00,559,32467,รีดผ้าไม่ครบจำนวนชิ้น
2025-02-03 19:25:00,11259,33007,รีดผ้าไม่ครบจำนวนชิ้น
2025-02-24 18:51:00,10564,33535,รีดผ้าไม่ครบจำนวนชิ้น
2025-03-30 13:07:00,10010,34489,รีดผ้าไม่ครบจำนวนชิ้น
2025-01-08 11:28:00,4975,32348,Checkin ก่อนถึงสถานที่นัดหมาย
2025-01-14 12:54:00,11592,32518,Checkin ก่อนถึงสถานที่นัดหมาย
2025-01-17 10:50:00,11035,32586,Checkin ก่อนถึงสถานที่นัดหมาย
2025-02-19 09:26:00,12224,33389,Checkin ก่อนถึงสถานที่นัดหมาย
2025-03-04 15:13:00,12186,33753,Checkin ก่อนถึงสถานที่นัดหมาย
2025-03-14 15:07:00,6543,34039,Checkin ก่อนถึงสถานที่นัดหมาย
2025-03-16 15:49:00,9072,34081,Checkin ก่อนถึงสถานที่นัดหมาย
2025-02-24 14:35:00,12189,33527,"พื้นที่ ""ล้างแอร์"" ยังไม่สะอาดเรียบร้อย"
2025-03-01 16:51:00,11997,33662,"พื้นที่ ""ล้างแอร์"" ยังไม่สะอาดเรียบร้อย"
2025-03-04 14:36:00,11760,33749,"พื้นที่ ""ล้างแอร์"" ยังไม่สะอาดเรียบร้อย"
2025-03-31 22:23:00,11815,34552,"พื้นที่ ""ล้างแอร์"" ยังไม่สะอาดเรียบร้อย"
2025-02-20 21:13:00,11817,33428,แอร์มีน้ำหยด
2025-02-21 13:55:00,11815,33436,แอร์มีน้ำหยด
2025-02-22 18:36:00,11760,33480,แอร์มีน้ำหยด
2025-03-13 08:17:00,11815,34007,แอร์มีน้ำหยด
2025-03-15 16:11:00,12470,34059,แอร์มีน้ำหยด
2025-03-26 17:04:00,11997,34341,แอร์มีน้ำหยด
2025-02-19 14:17:00,11817,33395,แอร์ไม่เย็น 
2025-03-07 09:34:00,12189,33840,แอร์ไม่เย็น 
2025-03-10 06:30:00,12187,33923,แอร์ไม่เย็น 
2025-03-10 06:37:00,12187,33931,แอร์ไม่เย็น 
2025-02-24 08:06:00,11997,33516,แอร์มีเสียงดัง 
2025-02-26 11:02:00,11997,33569,แอร์มีเสียงดัง 
2025-03-28 10:51:00,12153,34385,แอร์มีเสียงดัง 
